{"Q": [[0.941479769889128, 0.9320215074752318, 0.9509900498999972, 0.9414799869051114], [0.9414800696359467, 0.0, 0.9605960099999977, 0.9509899514872509], [0.9509898734690961, 0.9702989999999982, 0.9509869638829334, 0.9605949403731261], [0.9605958210369796, 0.0, 0.09146077327605118, 0.20646820993571596], [0.02409016152871813, 0.01258745911629019, 0.0, 0.9414766676752868], [0.0, 0.0, 0.0, 0.0], [0.0, 0.9800999999999986, 0.0, 0.9605959245891426], [0.0, 0.0, 0.0, 0.0], [0.0002214268902054991, 0.0, 0.17375183300690628, 0.0009114936549588662], [0.008941123079756553, 0.15746393295586242, 0.980099219838209, 0.0], [0.9702879339999995, 0.9899999999999991, 0.0, 0.9702986220172424], [0.0, 0.0, 0.0, 0.0], [0.0, 0.0, 0.0, 0.0], [0.0, 0.13392366199147154, 0.9899997766881882, 0.21523735743182765], [0.9800965369613907, 0.9899997971017719, 0.9999999999999996, 0.980097095826503], [0.0, 0.0, 0.0, 0.0]], "alpha": 0.1, "gamma": 0.99, "epsilon_decay": 0.995, "episodes": 50000}